{
  "npmScope": "bghoard",
  "implicitDependencies": {
    "workspace.json": "*",
    "package.json": "*",
    "tslint.json": "*",
    "nx.json": "*",
    "tsconfig.base.json": "*",
    ".eslintrc.json": "*"
  },
  "projects": {
    "angular-publish": {
      "tags": []
    },
    "api": {
      "tags": ["type:app", "platform:node", "stability:production"]
    },
    "api-interfaces": {
      "tags": [
        "type:util",
        "scope:shared",
        "platform:any",
        "stability:production"
      ]
    },
    "react-publish": {
      "tags": []
    },
    "review": {
      "tags": [
        "type:app",
        "scope:review",
        "platform:web",
        "stability:production"
      ],
      "implicitDependencies": ["shared-assets"]
    },
    "review-data-access-games": {
      "tags": [
        "type:data-access",
        "scope:review",
        "platform:web",
        "stability:production"
      ]
    },
    "review-e2e": {
      "tags": ["type:e2e", "scope:review", "stability:production"]
    },
    "review-feature-details": {
      "tags": [
        "type:feature",
        "scope:review",
        "platform:web",
        "stability:production"
      ]
    },
    "review-feature-list": {
      "tags": [
        "type:feature",
        "scope:review",
        "platform:web",
        "stability:production"
      ]
    },
    "shared-assets": {
      "tags": ["type:util", "scope:shared", "stability:production"]
    },
    "shared-ui-tile": {
      "tags": [
        "type:ui",
        "scope:shared",
        "platform:web",
        "stability:production"
      ]
    },
    "shared-util-formatters": {
      "tags": [
        "type:util",
        "scope:shared",
        "platform:web",
        "stability:production"
      ]
    },
    "store": {
      "tags": [
        "type:app",
        "scope:store",
        "platform:web",
        "stability:production"
      ],
      "implicitDependencies": ["shared-assets"]
    },
    "store-data-access-cart": {
      "tags": [
        "type:data-access",
        "scope:store",
        "platform:web",
        "stability:production"
      ]
    },
    "store-data-access-games": {
      "tags": [
        "type:data-access",
        "scope:store",
        "platform:web",
        "stability:production"
      ]
    },
    "store-e2e": {
      "tags": ["type:e2e", "scope:store", "stability:production"]
    },
    "store-feature-cart": {
      "tags": [
        "type:feature",
        "scope:store",
        "platform:web",
        "stability:production"
      ]
    },
    "store-feature-details": {
      "tags": [
        "type:feature",
        "scope:store",
        "platform:web",
        "stability:production"
      ]
    },
    "store-feature-list": {
      "tags": [
        "type:feature",
        "scope:store",
        "platform:web",
        "stability:production"
      ]
    },
    "store-ui-formatters": {
      "tags": ["type:ui", "scope:store", "platform:web", "stability:production"]
    }
  },
  "affected": {
    "defaultBase": "master"
  }
}
