{
  "rulesDirectory": [
    "node_modules/@nrwl/workspace/src/tslint",
    "node_modules/codelyzer"
  ],
  "rules": {
    "arrow-return-shorthand": true,
    "callable-types": true,
    "class-name": true,
    "deprecation": {
      "severity": "warn"
    },
    "forin": true,
    "import-blacklist": [true, "rxjs/Rx"],
    "interface-over-type-literal": true,
    "member-access": false,
    "member-ordering": [
      true,
      {
        "order": [
          "static-field",
          "instance-field",
          "static-method",
          "instance-method"
        ]
      }
    ],
    "no-arg": true,
    "no-bitwise": true,
    "no-console": [true, "debug", "info", "time", "timeEnd", "trace"],
    "no-construct": true,
    "no-debugger": true,
    "no-duplicate-super": true,
    "no-empty": false,
    "no-empty-interface": true,
    "no-eval": true,
    "no-inferrable-types": [true, "ignore-params"],
    "no-misused-new": true,
    "no-non-null-assertion": true,
    "no-shadowed-variable": true,
    "no-string-literal": false,
    "no-string-throw": true,
    "no-switch-case-fall-through": true,
    "no-unnecessary-initializer": true,
    "no-unused-expression": true,
    "no-var-keyword": true,
    "object-literal-sort-keys": false,
    "prefer-const": true,
    "radix": true,
    "triple-equals": [true, "allow-null-check"],
    "unified-signatures": true,
    "variable-name": false,
    "nx-enforce-module-boundaries": [
      true,
      {
        "allow": [],
        "depConstraints": [
          {
            // type:ui -> type:util
            "sourceTag": "type:ui",
            "onlyDependOnLibsWithTags": ["type:util"]
          }, // AND
          {
            // type:data-access -> type:util
            "sourceTag": "type:data-access",
            "onlyDependOnLibsWithTags": ["type:util"]
          }, // AND
          {
            // type:app -> type:feature OR type:util
            "sourceTag": "type:app",
            "onlyDependOnLibsWithTags": ["type:feature", "type:util"]
          },
          {
            "sourceTag": "type:feature",
            "onlyDependOnLibsWithTags": [
              "type:ui",
              "type:data-access",
              "type:util"
            ]
          },
          {
            "sourceTag": "scope:review",
            "onlyDependOnLibsWithTags": ["scope:review", "scope:shared"]
          },
          {
            "sourceTag": "scope:store",
            "onlyDependOnLibsWithTags": ["scope:store", "scope:shared"]
          },
          {
            "sourceTag": "scope:shared",
            "onlyDependOnLibsWithTags": ["scope:shared"]
          },
          {
            "sourceTag": "platform:node",
            "onlyDependOnLibsWithTags": ["platform:node", "platform:any"]
          },
          {
            "sourceTag": "platform:web",
            "onlyDependOnLibsWithTags": ["platform:web", "platform:any"]
          },
          {
            "sourceTag": "platform:any",
            "onlyDependOnLibsWithTags": ["platform:any"]
          },
          {
            "sourceTag": "stability:production",
            "onlyDependOnLibsWithTags": ["stability:production"]
          }
        ]
      }
    ],
    "directive-selector": [true, "attribute", "app", "camelCase"],
    "component-selector": [true, "element", "app", "kebab-case"],
    "no-conflicting-lifecycle": true,
    "no-host-metadata-property": true,
    "no-input-rename": true,
    "no-inputs-metadata-property": true,
    "no-output-native": true,
    "no-output-on-prefix": true,
    "no-output-rename": true,
    "no-outputs-metadata-property": true,
    "template-banana-in-box": true,
    "template-no-negated-async": true,
    "use-lifecycle-interface": true,
    "use-pipe-transform-interface": true
  }
}
