{
  "version": 2,
  "projects": {
    "angular-publish": {
      "projectType": "library",
      "root": "libs/angular-publish",
      "sourceRoot": "libs/angular-publish/src",
      "prefix": "bghoard",
      "targets": {
        "build": {
          "executor": "@angular-devkit/build-angular:ng-packagr",
          "options": {
            "tsConfig": "libs/angular-publish/tsconfig.lib.json",
            "project": "libs/angular-publish/ng-package.json"
          }
        },
        "lint": {
          "executor": "@angular-devkit/build-angular:tslint",
          "options": {
            "tsConfig": [
              "libs/angular-publish/tsconfig.lib.json",
              "libs/angular-publish/tsconfig.spec.json"
            ],
            "exclude": ["**/node_modules/**", "!libs/angular-publish/**"]
          }
        },
        "test": {
          "executor": "@nrwl/jest:jest",
          "options": {
            "jestConfig": "libs/angular-publish/jest.config.js"
          },
          "outputs": ["coverage/libs/angular-publish"]
        },
        "version": {
          "executor": "@jscutlery/semver:version",
          "options": {
            "postTargets": ["angular-publish:github"]
          }
        },
        "github": {
          "executor": "@jscutlery/semver:github",
          "options": {
            "tag": "${tag}",
            "files": ["./libs/angular-publish/CHANGELOG.md"]
          }
        }
      },
      "generators": {
        "@nrwl/angular:component": {
          "styleext": "scss"
        }
      }
    },
    "api": {
      "root": "apps/api",
      "sourceRoot": "apps/api/src",
      "projectType": "application",
      "prefix": "api",
      "generators": {},
      "targets": {
        "build": {
          "executor": "@nrwl/node:build",
          "options": {
            "outputPath": "dist/apps/api",
            "main": "apps/api/src/main.ts",
            "tsConfig": "apps/api/tsconfig.app.json",
            "assets": ["apps/api/src/assets"]
          },
          "configurations": {
            "production": {
              "optimization": true,
              "extractLicenses": true,
              "inspect": false,
              "fileReplacements": [
                {
                  "replace": "apps/api/src/environments/environment.ts",
                  "with": "apps/api/src/environments/environment.prod.ts"
                }
              ]
            }
          },
          "outputs": ["{options.outputPath}"]
        },
        "serve": {
          "executor": "@nrwl/node:execute",
          "options": {
            "buildTarget": "api:build"
          }
        },
        "lint": {
          "executor": "@nrwl/linter:eslint",
          "options": {
            "lintFilePatterns": [
              "apps/api/**/*.ts",
              "apps/api/**/*.spec.ts",
              "apps/api/**/*.d.ts"
            ]
          }
        },
        "test": {
          "executor": "@nrwl/jest:jest",
          "options": {
            "jestConfig": "apps/api/jest.config.js"
          },
          "outputs": ["coverage/apps/api"]
        }
      }
    },
    "api-interfaces": {
      "root": "libs/api-interfaces",
      "sourceRoot": "libs/api-interfaces/src",
      "projectType": "library",
      "generators": {},
      "targets": {
        "lint": {
          "executor": "@nrwl/linter:eslint",
          "options": {
            "lintFilePatterns": [
              "libs/api-interfaces/**/*.ts",
              "libs/api-interfaces/**/*.spec.ts",
              "libs/api-interfaces/**/*.spec.tsx",
              "libs/api-interfaces/**/*.spec.js",
              "libs/api-interfaces/**/*.spec.jsx",
              "libs/api-interfaces/**/*.d.ts"
            ]
          }
        },
        "test": {
          "executor": "@nrwl/jest:jest",
          "options": {
            "jestConfig": "libs/api-interfaces/jest.config.js"
          },
          "outputs": ["coverage/libs/api-interfaces"]
        }
      }
    },
    "react-publish": {
      "root": "libs/react-publish",
      "sourceRoot": "libs/react-publish/src",
      "projectType": "library",
      "generators": {},
      "targets": {
        "lint": {
          "executor": "@nrwl/linter:eslint",
          "options": {
            "lintFilePatterns": [
              "libs/react-publish/**/*.ts",
              "libs/react-publish/**/*.tsx",
              "libs/react-publish/**/*.spec.ts",
              "libs/react-publish/**/*.spec.tsx",
              "libs/react-publish/**/*.spec.js",
              "libs/react-publish/**/*.spec.jsx",
              "libs/react-publish/**/*.d.ts"
            ]
          }
        },
        "build": {
          "executor": "@nrwl/web:bundle",
          "options": {
            "outputPath": "dist/libs/react-publish",
            "tsConfig": "libs/react-publish/tsconfig.lib.json",
            "project": "libs/react-publish/package.json",
            "entryFile": "libs/react-publish/src/index.ts",
            "babelConfig": "@nrwl/react/plugins/bundle-babel",
            "rollupConfig": "@nrwl/react/plugins/bundle-rollup"
          }
        },
        "test": {
          "executor": "@nrwl/jest:jest",
          "options": {
            "jestConfig": "libs/react-publish/jest.config.js"
          },
          "outputs": ["coverage/libs/react-publish"]
        },
        "version": {
          "executor": "@jscutlery/semver:version",
          "options": {
            "postTargets": ["react-publish:github"]
          }
        },
        "github": {
          "executor": "@jscutlery/semver:github",
          "options": {
            "tag": "${tag}",
            "files": ["./libs/react-publish/CHANGELOG.md"]
          }
        }
      }
    },
    "review": {
      "root": "apps/review",
      "sourceRoot": "apps/review/src",
      "projectType": "application",
      "generators": {},
      "targets": {
        "build": {
          "executor": "@nrwl/web:build",
          "options": {
            "differentialLoading": false,
            "outputPath": "dist/apps/review",
            "index": "apps/review/src/index.html",
            "main": "apps/review/src/main.tsx",
            "polyfills": "apps/review/src/polyfills.ts",
            "tsConfig": "apps/review/tsconfig.app.json",
            "assets": [
              "apps/review/src/favicon.ico",
              "apps/review/src/assets",
              {
                "input": "libs/shared/assets/src/lib",
                "glob": "*.png",
                "output": "assets"
              }
            ],
            "styles": [],
            "scripts": [],
            "webpackConfig": "@nrwl/react/plugins/babel"
          },
          "configurations": {
            "production": {
              "fileReplacements": [
                {
                  "replace": "apps/review/src/environments/environment.ts",
                  "with": "apps/review/src/environments/environment.prod.ts"
                }
              ],
              "optimization": true,
              "outputHashing": "all",
              "sourceMap": false,
              "extractCss": true,
              "namedChunks": false,
              "extractLicenses": true,
              "vendorChunk": false,
              "budgets": [
                {
                  "type": "initial",
                  "maximumWarning": "2mb",
                  "maximumError": "5mb"
                }
              ]
            }
          },
          "outputs": ["{options.outputPath}"]
        },
        "serve": {
          "executor": "@nrwl/web:dev-server",
          "options": {
            "buildTarget": "review:build",
            "proxyConfig": "apps/review/proxy.conf.json"
          },
          "configurations": {
            "production": {
              "buildTarget": "review:build:production"
            }
          }
        },
        "lint": {
          "executor": "@nrwl/linter:eslint",
          "options": {
            "lintFilePatterns": [
              "apps/review/**/*.ts",
              "apps/review/**/*.tsx",
              "apps/review/**/*.spec.ts",
              "apps/review/**/*.spec.tsx",
              "apps/review/**/*.spec.js",
              "apps/review/**/*.spec.jsx",
              "apps/review/**/*.d.ts"
            ]
          }
        },
        "test": {
          "executor": "@nrwl/jest:jest",
          "options": {
            "jestConfig": "apps/review/jest.config.js"
          },
          "outputs": ["coverage/apps/review"]
        },
        "doc": {
          "executor": "./tools/builders:typedoc",
          "options": {
            "outputDir": "docs/review"
          }
        }
      }
    },
    "review-data-access-games": {
      "root": "libs/review/data-access-games",
      "sourceRoot": "libs/review/data-access-games/src",
      "projectType": "library",
      "generators": {},
      "targets": {
        "lint": {
          "executor": "@nrwl/linter:eslint",
          "options": {
            "lintFilePatterns": [
              "libs/review/data-access-games/**/*.ts",
              "libs/review/data-access-games/**/*.tsx",
              "libs/review/data-access-games/**/*.spec.ts",
              "libs/review/data-access-games/**/*.spec.tsx",
              "libs/review/data-access-games/**/*.spec.js",
              "libs/review/data-access-games/**/*.spec.jsx",
              "libs/review/data-access-games/**/*.d.ts"
            ]
          }
        },
        "test": {
          "executor": "@nrwl/jest:jest",
          "options": {
            "jestConfig": "libs/review/data-access-games/jest.config.js"
          },
          "outputs": ["coverage/libs/review/data-access-games"]
        }
      }
    },
    "review-e2e": {
      "root": "apps/review-e2e",
      "sourceRoot": "apps/review-e2e/src",
      "projectType": "application",
      "targets": {
        "e2e": {
          "executor": "@nrwl/cypress:cypress",
          "options": {
            "cypressConfig": "apps/review-e2e/cypress.json",
            "tsConfig": "apps/review-e2e/tsconfig.e2e.json",
            "devServerTarget": "review:serve"
          },
          "configurations": {
            "production": {
              "devServerTarget": "review:serve:production"
            }
          }
        },
        "lint": {
          "executor": "@nrwl/linter:eslint",
          "options": {
            "lintFilePatterns": ["apps/review-e2e/src/**/*.ts"]
          }
        }
      }
    },
    "review-feature-details": {
      "root": "libs/review/feature-details",
      "sourceRoot": "libs/review/feature-details/src",
      "projectType": "library",
      "generators": {},
      "targets": {
        "lint": {
          "executor": "@nrwl/linter:eslint",
          "options": {
            "lintFilePatterns": [
              "libs/review/feature-details/**/*.ts",
              "libs/review/feature-details/**/*.tsx",
              "libs/review/feature-details/**/*.spec.ts",
              "libs/review/feature-details/**/*.spec.tsx",
              "libs/review/feature-details/**/*.spec.js",
              "libs/review/feature-details/**/*.spec.jsx",
              "libs/review/feature-details/**/*.d.ts"
            ]
          }
        },
        "test": {
          "executor": "@nrwl/jest:jest",
          "options": {
            "jestConfig": "libs/review/feature-details/jest.config.js"
          },
          "outputs": ["coverage/libs/review/feature-details"]
        }
      }
    },
    "review-feature-list": {
      "root": "libs/review/feature-list",
      "sourceRoot": "libs/review/feature-list/src",
      "projectType": "library",
      "generators": {},
      "targets": {
        "lint": {
          "executor": "@nrwl/linter:eslint",
          "options": {
            "lintFilePatterns": [
              "libs/review/feature-list/**/*.ts",
              "libs/review/feature-list/**/*.tsx",
              "libs/review/feature-list/**/*.spec.ts",
              "libs/review/feature-list/**/*.spec.tsx",
              "libs/review/feature-list/**/*.spec.js",
              "libs/review/feature-list/**/*.spec.jsx",
              "libs/review/feature-list/**/*.d.ts"
            ]
          }
        },
        "test": {
          "executor": "@nrwl/jest:jest",
          "options": {
            "jestConfig": "libs/review/feature-list/jest.config.js"
          },
          "outputs": ["coverage/libs/review/feature-list"]
        }
      }
    },
    "shared-assets": {
      "root": "libs/shared/assets",
      "sourceRoot": "libs/shared/assets/src",
      "projectType": "library",
      "generators": {},
      "targets": {
        "lint": {
          "executor": "@nrwl/linter:eslint",
          "options": {
            "lintFilePatterns": [
              "libs/shared/assets/**/*.ts",
              "libs/shared/assets/**/*.spec.ts",
              "libs/shared/assets/**/*.spec.tsx",
              "libs/shared/assets/**/*.spec.js",
              "libs/shared/assets/**/*.spec.jsx",
              "libs/shared/assets/**/*.d.ts"
            ]
          }
        },
        "test": {
          "executor": "@nrwl/jest:jest",
          "options": {
            "jestConfig": "libs/shared/assets/jest.config.js"
          },
          "outputs": ["coverage/libs/shared/assets"]
        }
      }
    },
    "shared-ui-tile": {
      "root": "libs/shared/ui-tile",
      "sourceRoot": "libs/shared/ui-tile/src",
      "projectType": "library",
      "generators": {},
      "targets": {
        "lint": {
          "executor": "@angular-devkit/build-angular:tslint",
          "options": {
            "tsConfig": [
              "libs/shared/ui-tile/tsconfig.lib.json",
              "libs/shared/ui-tile/tsconfig.spec.json"
            ],
            "exclude": ["**/node_modules/**", "!libs/shared/ui-tile/**"]
          }
        },
        "test": {
          "executor": "@nrwl/jest:jest",
          "options": {
            "jestConfig": "libs/shared/ui-tile/jest.config.js"
          },
          "outputs": ["coverage/libs/shared/ui-tile"]
        }
      }
    },
    "shared-util-formatters": {
      "root": "libs/shared/util-formatters",
      "sourceRoot": "libs/shared/util-formatters/src",
      "projectType": "library",
      "generators": {},
      "targets": {
        "lint": {
          "executor": "@nrwl/linter:eslint",
          "options": {
            "lintFilePatterns": [
              "libs/shared/util-formatters/**/*.ts",
              "libs/shared/util-formatters/**/*.tsx",
              "libs/shared/util-formatters/**/*.spec.ts",
              "libs/shared/util-formatters/**/*.spec.tsx",
              "libs/shared/util-formatters/**/*.spec.js",
              "libs/shared/util-formatters/**/*.spec.jsx",
              "libs/shared/util-formatters/**/*.d.ts"
            ]
          }
        },
        "test": {
          "executor": "@nrwl/jest:jest",
          "options": {
            "jestConfig": "libs/shared/util-formatters/jest.config.js"
          },
          "outputs": ["coverage/libs/shared/util-formatters"]
        }
      }
    },
    "store": {
      "projectType": "application",
      "generators": {
        "@nrwl/angular:component": {
          "style": "scss"
        }
      },
      "root": "apps/store",
      "sourceRoot": "apps/store/src",
      "prefix": "bghoard",
      "targets": {
        "build": {
          "executor": "@angular-devkit/build-angular:browser",
          "options": {
            "outputPath": "dist/apps/store",
            "index": "apps/store/src/index.html",
            "main": "apps/store/src/main.ts",
            "polyfills": "apps/store/src/polyfills.ts",
            "tsConfig": "apps/store/tsconfig.app.json",
            "aot": false,
            "assets": [
              "apps/store/src/favicon.ico",
              "apps/store/src/assets",
              {
                "input": "libs/shared/assets/src/lib",
                "glob": "*.png",
                "output": "assets"
              }
            ],
            "styles": ["apps/store/src/styles.scss"],
            "scripts": []
          },
          "configurations": {
            "production": {
              "fileReplacements": [
                {
                  "replace": "apps/store/src/environments/environment.ts",
                  "with": "apps/store/src/environments/environment.prod.ts"
                }
              ],
              "optimization": true,
              "outputHashing": "all",
              "sourceMap": false,
              "namedChunks": false,
              "aot": true,
              "extractLicenses": true,
              "vendorChunk": false,
              "buildOptimizer": true,
              "budgets": [
                {
                  "type": "initial",
                  "maximumWarning": "2mb",
                  "maximumError": "5mb"
                }
              ]
            }
          },
          "outputs": ["{options.outputPath}"]
        },
        "serve": {
          "executor": "@angular-devkit/build-angular:dev-server",
          "options": {
            "browserTarget": "store:build",
            "proxyConfig": "apps/review/proxy.conf.json"
          },
          "configurations": {
            "production": {
              "browserTarget": "store:build:production"
            }
          }
        },
        "extract-i18n": {
          "executor": "@angular-devkit/build-angular:extract-i18n",
          "options": {
            "browserTarget": "store:build"
          }
        },
        "lint": {
          "executor": "@angular-devkit/build-angular:tslint",
          "options": {
            "tsConfig": [
              "apps/store/tsconfig.app.json",
              "apps/store/tsconfig.spec.json"
            ],
            "exclude": ["**/node_modules/**", "!apps/store/**"]
          }
        },
        "test": {
          "executor": "@nrwl/jest:jest",
          "options": {
            "jestConfig": "apps/store/jest.config.js"
          },
          "outputs": ["coverage/apps/store"]
        },
        "doc": {
          "executor": "./tools/builders:typedoc",
          "options": {
            "outputDir": "docs/store"
          }
        }
      }
    },
    "store-data-access-cart": {
      "projectType": "library",
      "root": "libs/store/data-access-cart",
      "sourceRoot": "libs/store/data-access-cart/src",
      "prefix": "bghoard",
      "targets": {
        "lint": {
          "executor": "@angular-devkit/build-angular:tslint",
          "options": {
            "tsConfig": [
              "libs/store/data-access-cart/tsconfig.lib.json",
              "libs/store/data-access-cart/tsconfig.spec.json"
            ],
            "exclude": ["**/node_modules/**", "!libs/store/data-access-cart/**"]
          }
        },
        "test": {
          "executor": "@nrwl/jest:jest",
          "options": {
            "jestConfig": "libs/store/data-access-cart/jest.config.js"
          },
          "outputs": ["coverage/libs/store/data-access-cart"]
        }
      },
      "generators": {
        "@nrwl/angular:component": {
          "styleext": "scss"
        }
      }
    },
    "store-data-access-games": {
      "projectType": "library",
      "root": "libs/store/data-access-games",
      "sourceRoot": "libs/store/data-access-games/src",
      "prefix": "bghoard",
      "targets": {
        "lint": {
          "executor": "@angular-devkit/build-angular:tslint",
          "options": {
            "tsConfig": [
              "libs/store/data-access-games/tsconfig.lib.json",
              "libs/store/data-access-games/tsconfig.spec.json"
            ],
            "exclude": [
              "**/node_modules/**",
              "!libs/store/data-access-games/**"
            ]
          }
        },
        "test": {
          "executor": "@nrwl/jest:jest",
          "options": {
            "jestConfig": "libs/store/data-access-games/jest.config.js"
          },
          "outputs": ["coverage/libs/store/data-access-games"]
        }
      },
      "generators": {
        "@nrwl/angular:component": {
          "styleext": "scss"
        }
      }
    },
    "store-e2e": {
      "root": "apps/store-e2e",
      "sourceRoot": "apps/store-e2e/src",
      "projectType": "application",
      "targets": {
        "e2e": {
          "executor": "@nrwl/cypress:cypress",
          "options": {
            "cypressConfig": "apps/store-e2e/cypress.json",
            "tsConfig": "apps/store-e2e/tsconfig.e2e.json",
            "devServerTarget": "store:serve"
          },
          "configurations": {
            "production": {
              "devServerTarget": "store:serve:production"
            }
          }
        },
        "lint": {
          "executor": "@angular-devkit/build-angular:tslint",
          "options": {
            "tsConfig": ["apps/store-e2e/tsconfig.e2e.json"],
            "exclude": ["**/node_modules/**", "!apps/store-e2e/**"]
          }
        }
      }
    },
    "store-feature-cart": {
      "projectType": "library",
      "root": "libs/store/feature-cart",
      "sourceRoot": "libs/store/feature-cart/src",
      "prefix": "bghoard",
      "targets": {
        "lint": {
          "executor": "@angular-devkit/build-angular:tslint",
          "options": {
            "tsConfig": [
              "libs/store/feature-cart/tsconfig.lib.json",
              "libs/store/feature-cart/tsconfig.spec.json"
            ],
            "exclude": ["**/node_modules/**", "!libs/store/feature-cart/**"]
          }
        },
        "test": {
          "executor": "@nrwl/jest:jest",
          "options": {
            "jestConfig": "libs/store/feature-cart/jest.config.js"
          },
          "outputs": ["coverage/libs/store/feature-cart"]
        }
      },
      "generators": {
        "@nrwl/angular:component": {
          "styleext": "scss"
        }
      }
    },
    "store-feature-details": {
      "projectType": "library",
      "root": "libs/store/feature-details",
      "sourceRoot": "libs/store/feature-details/src",
      "prefix": "bghoard",
      "targets": {
        "lint": {
          "executor": "@angular-devkit/build-angular:tslint",
          "options": {
            "tsConfig": [
              "libs/store/feature-details/tsconfig.lib.json",
              "libs/store/feature-details/tsconfig.spec.json"
            ],
            "exclude": ["**/node_modules/**", "!libs/store/feature-details/**"]
          }
        },
        "test": {
          "executor": "@nrwl/jest:jest",
          "options": {
            "jestConfig": "libs/store/feature-details/jest.config.js"
          },
          "outputs": ["coverage/libs/store/feature-details"]
        }
      },
      "generators": {
        "@nrwl/angular:component": {
          "styleext": "scss"
        }
      }
    },
    "store-feature-list": {
      "projectType": "library",
      "root": "libs/store/feature-list",
      "sourceRoot": "libs/store/feature-list/src",
      "prefix": "bghoard",
      "targets": {
        "lint": {
          "executor": "@angular-devkit/build-angular:tslint",
          "options": {
            "tsConfig": [
              "libs/store/feature-list/tsconfig.lib.json",
              "libs/store/feature-list/tsconfig.spec.json"
            ],
            "exclude": ["**/node_modules/**", "!libs/store/feature-list/**"]
          }
        },
        "test": {
          "executor": "@nrwl/jest:jest",
          "options": {
            "jestConfig": "libs/store/feature-list/jest.config.js"
          },
          "outputs": ["coverage/libs/store/feature-list"]
        }
      },
      "generators": {
        "@nrwl/angular:component": {
          "styleext": "scss"
        }
      }
    },
    "store-ui-formatters": {
      "projectType": "library",
      "root": "libs/store/ui-formatters",
      "sourceRoot": "libs/store/ui-formatters/src",
      "prefix": "bghoard",
      "targets": {
        "lint": {
          "executor": "@angular-devkit/build-angular:tslint",
          "options": {
            "tsConfig": [
              "libs/store/ui-formatters/tsconfig.lib.json",
              "libs/store/ui-formatters/tsconfig.spec.json"
            ],
            "exclude": ["**/node_modules/**", "!libs/store/ui-formatters/**"]
          }
        },
        "test": {
          "executor": "@nrwl/jest:jest",
          "options": {
            "jestConfig": "libs/store/ui-formatters/jest.config.js"
          },
          "outputs": ["coverage/libs/store/ui-formatters"]
        }
      },
      "generators": {
        "@nrwl/angular:component": {
          "styleext": "scss"
        }
      }
    }
  },
  "cli": {
    "defaultCollection": "@nrwl/react"
  },
  "generators": {
    "@nrwl/workspace": {
      "library": {
        "linter": "eslint"
      }
    },
    "@nrwl/cypress": {
      "cypress-project": {
        "linter": "eslint"
      }
    },
    "@nrwl/react": {
      "application": {
        "babel": true,
        "style": "@emotion/styled",
        "linter": "eslint"
      },
      "component": {
        "style": "@emotion/styled"
      },
      "library": {
        "style": "@emotion/styled",
        "linter": "eslint"
      }
    },
    "@nrwl/web": {
      "application": {
        "linter": "eslint"
      }
    },
    "@nrwl/node": {
      "application": {
        "linter": "eslint"
      }
    },
    "@nrwl/nest": {
      "application": {
        "linter": "eslint"
      }
    },
    "@nrwl/express": {
      "application": {
        "linter": "eslint"
      }
    },
    "@nrwl/angular:application": {
      "unitTestRunner": "jest",
      "e2eTestRunner": "cypress"
    },
    "@nrwl/angular:library": {
      "unitTestRunner": "jest",
      "style": "scss"
    }
  },
  "defaultProject": "review"
}
