{
  "cli": "nx",
  "id": "add-documentation",
  "type": "object",
  "properties": {
    "name": {
      "type": "string",
      "description": "Library name",
      "$default": {
        "$source": "argv",
        "index": 0
      }
    },
    "author": {
      "type": "string",
      "description": "The Author of this documentation",
      "default": "anonymous",
      "x-prompt": "What is your name?"
    },
    "favoriteColor": {
      "type": "string",
      "description": "The author's favorite color",
      "default": "red",
      "enum": ["brown", "red", "purple"],
      "x-prompt": "What is your favorite color?"
    }
  },
  "required": ["name"]
}
